{
  "Total" : {
    "transaction" : "Total",
    "sampleCount" : 117,
    "errorCount" : 6,
    "errorPct" : 5.1282053,
    "meanResTime" : 471.4188034188035,
    "medianResTime" : 221.0,
    "minResTime" : 17.0,
    "maxResTime" : 4367.0,
    "pct1ResTime" : 1381.2,
    "pct2ResTime" : 2029.9999999999995,
    "pct3ResTime" : 4183.219999999993,
    "throughput" : 5.53557910673732,
    "receivedKBytesPerSec" : 39.121363579911055,
    "sentKBytesPerSec" : 4.1053881706567
  },
  "HTTP Request login" : {
    "transaction" : "HTTP Request login",
    "sampleCount" : 40,
    "errorCount" : 0,
    "errorPct" : 0.0,
    "meanResTime" : 698.7999999999998,
    "medianResTime" : 501.0,
    "minResTime" : 123.0,
    "maxResTime" : 2119.0,
    "pct1ResTime" : 1919.7999999999997,
    "pct2ResTime" : 2097.9999999999995,
    "pct3ResTime" : 2119.0,
    "throughput" : 2.0163322915616493,
    "receivedKBytesPerSec" : 2.5239104716957352,
    "sentKBytesPerSec" : 0.7817225778808348
  },
  "HTTP Request transfer" : {
    "transaction" : "HTTP Request transfer",
    "sampleCount" : 10,
    "errorCount" : 0,
    "errorPct" : 0.0,
    "meanResTime" : 106.10000000000001,
    "medianResTime" : 100.0,
    "minResTime" : 70.0,
    "maxResTime" : 202.0,
    "pct1ResTime" : 193.50000000000003,
    "pct2ResTime" : 202.0,
    "pct3ResTime" : 202.0,
    "throughput" : 1.0850694444444444,
    "receivedKBytesPerSec" : 0.4023445977105035,
    "sentKBytesPerSec" : 1.6424391004774306
  },
  "HTTP Request /Summary" : {
    "transaction" : "HTTP Request /Summary",
    "sampleCount" : 10,
    "errorCount" : 0,
    "errorPct" : 0.0,
    "meanResTime" : 96.2,
    "medianResTime" : 99.0,
    "minResTime" : 55.0,
    "maxResTime" : 157.0,
    "pct1ResTime" : 151.50000000000003,
    "pct2ResTime" : 157.0,
    "pct3ResTime" : 157.0,
    "throughput" : 1.0850694444444444,
    "receivedKBytesPerSec" : 0.7712046305338542,
    "sentKBytesPerSec" : 1.4898512098524306
  },
  "HTTP Request transaction list" : {
    "transaction" : "HTTP Request transaction list",
    "sampleCount" : 10,
    "errorCount" : 1,
    "errorPct" : 10.0,
    "meanResTime" : 180.70000000000002,
    "medianResTime" : 177.5,
    "minResTime" : 17.0,
    "maxResTime" : 430.0,
    "pct1ResTime" : 411.6000000000001,
    "pct2ResTime" : 430.0,
    "pct3ResTime" : 430.0,
    "throughput" : 7.1890726096333575,
    "receivedKBytesPerSec" : 238.79305018871315,
    "sentKBytesPerSec" : 6.7327349928109275
  },
  "HTTP Request" : {
    "transaction" : "HTTP Request",
    "sampleCount" : 20,
    "errorCount" : 1,
    "errorPct" : 5.0,
    "meanResTime" : 849.3000000000001,
    "medianResTime" : 358.0,
    "minResTime" : 50.0,
    "maxResTime" : 4367.0,
    "pct1ResTime" : 3235.5000000000023,
    "pct2ResTime" : 4315.949999999999,
    "pct3ResTime" : 4367.0,
    "throughput" : 2.2792022792022792,
    "receivedKBytesPerSec" : 2.6417824074074074,
    "sentKBytesPerSec" : 0.8833021723646723
  },
  "HTTP Request transfer list" : {
    "transaction" : "HTTP Request transfer list",
    "sampleCount" : 10,
    "errorCount" : 1,
    "errorPct" : 10.0,
    "meanResTime" : 299.2,
    "medianResTime" : 280.5,
    "minResTime" : 22.0,
    "maxResTime" : 596.0,
    "pct1ResTime" : 587.4000000000001,
    "pct2ResTime" : 596.0,
    "pct3ResTime" : 596.0,
    "throughput" : 6.910850034554251,
    "receivedKBytesPerSec" : 274.00778010539045,
    "sentKBytesPerSec" : 6.694211083275743
  },
  "HTTP Request Company" : {
    "transaction" : "HTTP Request Company",
    "sampleCount" : 10,
    "errorCount" : 3,
    "errorPct" : 30.0,
    "meanResTime" : 137.0,
    "medianResTime" : 181.0,
    "minResTime" : 20.0,
    "maxResTime" : 199.0,
    "pct1ResTime" : 198.6,
    "pct2ResTime" : 199.0,
    "pct3ResTime" : 199.0,
    "throughput" : 9.83284169124877,
    "receivedKBytesPerSec" : 10.96976401179941,
    "sentKBytesPerSec" : 8.92061516715831
  },
  "HTTP Request Transaction list" : {
    "transaction" : "HTTP Request Transaction list",
    "sampleCount" : 7,
    "errorCount" : 0,
    "errorPct" : 0.0,
    "meanResTime" : 289.42857142857144,
    "medianResTime" : 199.0,
    "minResTime" : 191.0,
    "maxResTime" : 635.0,
    "pct1ResTime" : 635.0,
    "pct2ResTime" : 635.0,
    "pct3ResTime" : 635.0,
    "throughput" : 6.8493150684931505,
    "receivedKBytesPerSec" : 2.931598581213307,
    "sentKBytesPerSec" : 6.381100171232877
  }
}